{"cameraMode":{"drawMode":0,"name":"Shaded","section":"Shading Mode"},"sceneLighting":true,"audioPlay":false,"sceneViewState":{"showFog":true,"showMaterialUpdate":false,"showSkybox":true,"showFlares":true,"showImageEffects":true,"showParticleSystems":true},"in2DMode":false,"pivot":{"x":10.779899597167969,"y":2.850705146789551,"z":-0.18155288696289063},"rotation":{"x":0.3627442419528961,"y":0.306958943605423,"z":-0.12790605425834657,"w":0.870541512966156},"size":11.321858406066895,"orthographic":false}