{"cameraMode":{"drawMode":0,"name":"Shaded","section":"Shading Mode"},"sceneLighting":true,"audioPlay":false,"sceneViewState":{"showFog":true,"showMaterialUpdate":false,"showSkybox":true,"showFlares":true,"showImageEffects":true,"showParticleSystems":true},"in2DMode":false,"pivot":{"x":10.512106895446778,"y":-0.49004650115966799,"z":2.315539836883545},"rotation":{"x":0.422064870595932,"y":0.11908726394176483,"z":-0.05603700503706932,"w":0.896965503692627},"size":17.671472549438478,"orthographic":false}